id_test,function_name,array_length,comparison,time,space
0,sequantial_search,1000,1000,0.20150017738342285,0.0
0,advanced_sequantial_search,1000,1662,0.20131587982177734,0.0
0,binary_search,1000,28,0.2017197608947754,0.0
1,sequantial_search,1000,1000,0.20214366912841797,0.0
1,advanced_sequantial_search,1000,1660,0.2020564079284668,0.0
1,binary_search,1000,28,0.2022237777709961,0.0
2,sequantial_search,1000,1000,0.2035534381866455,0.0
2,advanced_sequantial_search,1000,1494,0.20233416557312012,0.0
2,binary_search,1000,28,0.20237135887145996,0.0
3,sequantial_search,1000,1000,0.20200276374816895,0.0
3,advanced_sequantial_search,1000,1814,0.20386099815368652,0.0
3,binary_search,1000,28,0.202833890914917,0.0
4,sequantial_search,1000,1000,0.20160889625549316,0.0
4,advanced_sequantial_search,1000,1114,0.20286917686462402,0.0
4,binary_search,1000,28,0.20221924781799316,0.0
5,sequantial_search,21000,18240,0.20873475074768066,0.0
5,advanced_sequantial_search,21000,36479,0.22611069679260254,0.0
5,binary_search,21000,32,0.20266342163085938,0.0
6,sequantial_search,21000,21000,0.20969009399414062,0.0
6,advanced_sequantial_search,21000,33564,0.22501850128173828,0.0
6,binary_search,21000,40,0.2015836238861084,0.0
7,sequantial_search,21000,21000,0.2096261978149414,0.0
7,advanced_sequantial_search,21000,26646,0.22188830375671387,0.0
7,binary_search,21000,43,0.20188498497009277,0.0
8,sequantial_search,21000,21000,0.21029877662658691,0.0
8,advanced_sequantial_search,21000,29358,0.21109294891357422,0.00390625
8,binary_search,21000,43,0.2019352912902832,0.0
9,sequantial_search,21000,438,0.20217227935791016,0.0
9,advanced_sequantial_search,21000,875,0.20162582397460938,0.0
9,binary_search,21000,41,0.20217013359069824,0.0
10,sequantial_search,41000,35048,0.22323274612426758,0.0
10,advanced_sequantial_search,41000,70095,0.23163533210754395,0.0
10,binary_search,41000,38,0.2019484043121338,0.0
11,sequantial_search,41000,41000,0.21282291412353516,0.0
11,advanced_sequantial_search,41000,78806,0.21911239624023438,0.0
11,binary_search,41000,46,0.2016463279724121,0.0
12,sequantial_search,41000,41000,0.220611572265625,0.0
12,advanced_sequantial_search,41000,8710,0.2083265781402588,0.0
12,binary_search,41000,43,0.2018890380859375,0.0
13,sequantial_search,41000,41000,0.2170276641845703,0.0
13,advanced_sequantial_search,41000,42612,0.21479225158691406,0.0
13,binary_search,41000,43,0.20141148567199707,0.0
14,sequantial_search,41000,41000,0.21271753311157227,0.0
14,advanced_sequantial_search,41000,37084,0.21303725242614746,0.0
14,binary_search,41000,46,0.20131635665893555,0.0
15,sequantial_search,61000,61000,0.22997045516967773,0.0
15,advanced_sequantial_search,61000,22746,0.21900701522827148,0.0
15,binary_search,61000,46,0.2018122673034668,0.0
16,sequantial_search,61000,61000,0.23036718368530273,0.0
16,advanced_sequantial_search,61000,42196,0.21817278861999512,0.0
16,binary_search,61000,46,0.20196199417114258,0.0
17,sequantial_search,61000,61000,0.2163562774658203,0.0
17,advanced_sequantial_search,61000,64636,0.21426129341125488,0.0
17,binary_search,61000,46,0.20133328437805176,0.0
18,sequantial_search,61000,61000,0.23036623001098633,0.0
18,advanced_sequantial_search,61000,110092,0.2441415786743164,0.0
18,binary_search,61000,46,0.20267057418823242,0.0
19,sequantial_search,61000,61000,0.23018860816955566,0.0
19,advanced_sequantial_search,61000,105852,0.23096108436584473,0.0
19,binary_search,61000,46,0.20211100578308105,0.0
20,sequantial_search,81000,4920,0.2047879695892334,0.0
20,advanced_sequantial_search,81000,9839,0.20963716506958008,0.0
20,binary_search,81000,47,0.20230317115783691,0.0
21,sequantial_search,81000,81000,0.2184767723083496,0.0
21,advanced_sequantial_search,81000,1208,0.2030043601989746,0.0
21,binary_search,81000,46,0.20172667503356934,0.0
22,sequantial_search,81000,81000,0.2363450527191162,0.0
22,advanced_sequantial_search,81000,156200,0.23167657852172852,0.0
22,binary_search,81000,49,0.2012922763824463,0.0
23,sequantial_search,81000,81000,0.23620176315307617,0.0
23,advanced_sequantial_search,81000,120360,0.2267909049987793,0.0
23,binary_search,81000,49,0.20211553573608398,0.0
24,sequantial_search,81000,81000,0.23844075202941895,0.0
24,advanced_sequantial_search,81000,150614,0.23138022422790527,0.0
24,binary_search,81000,46,0.20149469375610352,0.0
25,sequantial_search,101000,101000,0.24116253852844238,0.0
25,advanced_sequantial_search,101000,150094,0.2334134578704834,0.0
25,binary_search,101000,49,0.20195889472961426,0.0
26,sequantial_search,101000,15196,0.20818758010864258,0.0
26,advanced_sequantial_search,101000,30391,0.2232532501220703,0.0
26,binary_search,101000,47,0.20165491104125977,0.0
27,sequantial_search,101000,101000,0.2221529483795166,0.0
27,advanced_sequantial_search,101000,59540,0.23107314109802246,0.0
27,binary_search,101000,49,0.20223641395568848,0.0
28,sequantial_search,101000,27450,0.20990228652954102,0.0
28,advanced_sequantial_search,101000,54899,0.23019862174987793,0.0
28,binary_search,101000,47,0.20223093032836914,0.0
29,sequantial_search,101000,101000,0.23741555213928223,0.0
29,advanced_sequantial_search,101000,28784,0.22165894508361816,0.0
29,binary_search,101000,49,0.20207667350769043,0.0
30,sequantial_search,121000,107799,0.22331929206848145,0.0
30,advanced_sequantial_search,121000,215597,0.24484634399414062,0.0
30,binary_search,121000,47,0.20185494422912598,0.0
31,sequantial_search,121000,121000,0.24060392379760742,0.0
31,advanced_sequantial_search,121000,193916,0.24153971672058105,0.0
31,binary_search,121000,49,0.20142602920532227,0.0
32,sequantial_search,121000,121000,0.22672057151794434,0.0
32,advanced_sequantial_search,121000,182008,0.25480175018310547,0.0
32,binary_search,121000,49,0.20143771171569824,0.0
33,sequantial_search,121000,121000,0.22394824028015137,0.0
33,advanced_sequantial_search,121000,61912,0.21947669982910156,0.0
33,binary_search,121000,49,0.20238304138183594,0.0
34,sequantial_search,121000,121000,0.22685027122497559,0.0
34,advanced_sequantial_search,121000,207490,0.26033496856689453,0.0
34,binary_search,121000,49,0.2025432586669922,0.0
35,sequantial_search,141000,141000,0.23109650611877441,0.0
35,advanced_sequantial_search,141000,7248,0.20767450332641602,0.0
35,binary_search,141000,49,0.20145869255065918,0.0
36,sequantial_search,141000,141000,0.228898286819458,0.0
36,advanced_sequantial_search,141000,159084,0.25169992446899414,0.0
36,binary_search,141000,49,0.2010326385498047,0.0
37,sequantial_search,141000,141000,0.24640846252441406,0.0
37,advanced_sequantial_search,141000,132796,0.24742674827575684,0.0
37,binary_search,141000,49,0.2024064064025879,0.0
38,sequantial_search,141000,141000,0.23015451431274414,0.0
38,advanced_sequantial_search,141000,252076,0.273021936416626,0.0
38,binary_search,141000,49,0.20217490196228027,0.0
39,sequantial_search,141000,4709,0.20236611366271973,0.0
39,advanced_sequantial_search,141000,9417,0.20872020721435547,0.0
39,binary_search,141000,49,0.20173358917236328,0.0
40,sequantial_search,161000,161000,0.24036908149719238,0.03125
40,advanced_sequantial_search,161000,116384,0.2409834861755371,0.0
40,binary_search,161000,52,0.20120668411254883,0.0
41,sequantial_search,161000,161000,0.24911880493164062,0.0
41,advanced_sequantial_search,161000,48758,0.2152876853942871,0.0
41,binary_search,161000,49,0.20145225524902344,0.0
42,sequantial_search,161000,161000,0.2319185733795166,0.0
42,advanced_sequantial_search,161000,230870,0.2673807144165039,0.0
42,binary_search,161000,52,0.20174407958984375,0.0
43,sequantial_search,161000,161000,0.23392033576965332,0.0
43,advanced_sequantial_search,161000,132834,0.22809147834777832,0.0
43,binary_search,161000,49,0.20134711265563965,0.0
44,sequantial_search,161000,161000,0.2506711483001709,0.0
44,advanced_sequantial_search,161000,181438,0.23688316345214844,0.0
44,binary_search,161000,52,0.2014920711517334,0.0
45,sequantial_search,181000,181000,0.2545914649963379,0.0
45,advanced_sequantial_search,181000,7120,0.20743012428283691,0.0
45,binary_search,181000,52,0.2017686367034912,0.0
46,sequantial_search,181000,181000,0.2561361789703369,0.0
46,advanced_sequantial_search,181000,77994,0.22169065475463867,0.0
46,binary_search,181000,49,0.2019352912902832,0.0
47,sequantial_search,181000,181000,0.2441878318786621,0.0
47,advanced_sequantial_search,181000,167718,0.23563075065612793,0.0
47,binary_search,181000,52,0.20235419273376465,0.0
48,sequantial_search,181000,181000,0.23995065689086914,0.0
48,advanced_sequantial_search,181000,184228,0.25469279289245605,0.0
48,binary_search,181000,49,0.20211505889892578,0.0
49,sequantial_search,181000,167229,0.2466144561767578,0.0
49,advanced_sequantial_search,181000,334457,0.2638683319091797,0.0
49,binary_search,181000,50,0.20262956619262695,0.0
50,sequantial_search,201000,201000,0.2445204257965088,0.0
50,advanced_sequantial_search,201000,161788,0.23363113403320312,0.0
50,binary_search,201000,52,0.20186138153076172,0.0
51,sequantial_search,201000,201000,0.24712920188903809,0.0
51,advanced_sequantial_search,201000,386984,0.27730846405029297,0.0
51,binary_search,201000,52,0.2016456127166748,0.0
52,sequantial_search,201000,201000,0.24527454376220703,0.0
52,advanced_sequantial_search,201000,161136,0.24557065963745117,0.0
52,binary_search,201000,52,0.20139145851135254,0.0
53,sequantial_search,201000,201000,0.24120283126831055,0.0
53,advanced_sequantial_search,201000,117666,0.22868824005126953,0.0
53,binary_search,201000,52,0.20185542106628418,0.0
54,sequantial_search,201000,201000,0.25786638259887695,0.0
54,advanced_sequantial_search,201000,54090,0.2152080535888672,0.0
54,binary_search,201000,52,0.20227456092834473,0.0
55,sequantial_search,221000,221000,0.24756479263305664,0.00390625
55,advanced_sequantial_search,221000,61378,0.2354578971862793,0.0
55,binary_search,221000,52,0.20194697380065918,0.0
56,sequantial_search,221000,221000,0.24286150932312012,0.0
56,advanced_sequantial_search,221000,150656,0.25080108642578125,0.0
56,binary_search,221000,52,0.20194697380065918,0.0
57,sequantial_search,221000,221000,0.2607595920562744,0.0
57,advanced_sequantial_search,221000,20244,0.21744346618652344,0.0
57,binary_search,221000,52,0.20158028602600098,0.0
58,sequantial_search,221000,221000,0.25781989097595215,0.0
58,advanced_sequantial_search,221000,223122,0.24710750579833984,0.0
58,binary_search,221000,52,0.20184993743896484,0.0
59,sequantial_search,221000,221000,0.25493907928466797,0.0
59,advanced_sequantial_search,221000,265672,0.2761049270629883,0.0
59,binary_search,221000,52,0.2022247314453125,0.0
60,sequantial_search,241000,33328,0.21097421646118164,0.0
60,advanced_sequantial_search,241000,66655,0.21962809562683105,0.0
60,binary_search,241000,50,0.20192718505859375,0.0
61,sequantial_search,241000,241000,0.26692771911621094,0.0
61,advanced_sequantial_search,241000,382754,0.26889705657958984,0.0
61,binary_search,241000,52,0.20203065872192383,0.0
62,sequantial_search,241000,241000,0.24266433715820312,0.0
62,advanced_sequantial_search,241000,334002,0.26386117935180664,0.0
62,binary_search,241000,52,0.20167088508605957,0.0
63,sequantial_search,241000,241000,0.2670762538909912,0.0
63,advanced_sequantial_search,241000,175366,0.2551543712615967,0.0
63,binary_search,241000,52,0.20166492462158203,0.0
64,sequantial_search,241000,129566,0.2312312126159668,0.0
64,advanced_sequantial_search,241000,259131,0.24918293952941895,0.0
64,binary_search,241000,44,0.20210504531860352,0.0
65,sequantial_search,261000,261000,0.24882268905639648,0.0
65,advanced_sequantial_search,261000,296772,0.27599143981933594,0.0
65,binary_search,261000,52,0.20197558403015137,0.0
66,sequantial_search,261000,225141,0.24442315101623535,0.0
66,advanced_sequantial_search,261000,450281,0.3026585578918457,0.0
66,binary_search,261000,50,0.20232653617858887,0.0
67,sequantial_search,261000,261000,0.2588932514190674,0.0
67,advanced_sequantial_search,261000,382156,0.2750968933105469,0.0
67,binary_search,261000,52,0.20240068435668945,0.0
68,sequantial_search,261000,261000,0.25774407386779785,0.0
68,advanced_sequantial_search,261000,145388,0.25370359420776367,0.0
68,binary_search,261000,52,0.20168781280517578,0.0
69,sequantial_search,261000,121180,0.2279520034790039,0.0
69,advanced_sequantial_search,261000,242359,0.26032257080078125,0.0
69,binary_search,261000,52,0.2014017105102539,0.0
70,sequantial_search,281000,251271,0.2809281349182129,0.0
70,advanced_sequantial_search,281000,502541,0.3430140018463135,0.0
70,binary_search,281000,52,0.20113277435302734,0.0
71,sequantial_search,281000,62151,0.23132061958312988,0.00390625
71,advanced_sequantial_search,281000,124301,0.2283637523651123,0.0
71,binary_search,281000,53,0.2016432285308838,0.0
72,sequantial_search,281000,281000,0.2767958641052246,0.0
72,advanced_sequantial_search,281000,556196,0.3616809844970703,0.0
72,binary_search,281000,55,0.201446533203125,0.0
73,sequantial_search,281000,281000,0.29070305824279785,0.0
73,advanced_sequantial_search,281000,39336,0.2143723964691162,0.0
73,binary_search,281000,55,0.2014782428741455,0.0
74,sequantial_search,281000,281000,0.28995680809020996,0.0
74,advanced_sequantial_search,281000,546338,0.29471778869628906,0.0
74,binary_search,281000,55,0.20230603218078613,0.0
75,sequantial_search,301000,278162,0.25222325325012207,0.0
75,advanced_sequantial_search,301000,556323,0.3270280361175537,0.0
75,binary_search,301000,41,0.20192480087280273,0.0
76,sequantial_search,301000,301000,0.25755882263183594,0.0
76,advanced_sequantial_search,301000,455864,0.30643486976623535,0.0
76,binary_search,301000,52,0.20239472389221191,0.0
77,sequantial_search,301000,301000,0.2524597644805908,0.0
77,advanced_sequantial_search,301000,57490,0.23297572135925293,0.0
77,binary_search,301000,52,0.20154309272766113,0.0
78,sequantial_search,301000,301000,0.2765040397644043,0.0
78,advanced_sequantial_search,301000,329236,0.2618687152862549,0.0
78,binary_search,301000,55,0.2019329071044922,0.0
79,sequantial_search,301000,301000,0.2549765110015869,0.0
79,advanced_sequantial_search,301000,491058,0.29045772552490234,0.0
79,binary_search,301000,52,0.20193743705749512,0.0
80,sequantial_search,321000,169748,0.2322525978088379,0.0
80,advanced_sequantial_search,321000,339495,0.27536487579345703,0.0
80,binary_search,321000,52,0.20282912254333496,0.0
81,sequantial_search,321000,321000,0.26398634910583496,0.0
81,advanced_sequantial_search,321000,456382,0.2855260372161865,0.0
81,binary_search,321000,52,0.2021350860595703,-0.0546875
82,sequantial_search,321000,321000,0.2541327476501465,0.0
82,advanced_sequantial_search,321000,416894,0.30436015129089355,0.0
82,binary_search,321000,52,0.20151472091674805,0.0
83,sequantial_search,321000,171090,0.22927260398864746,0.0
83,advanced_sequantial_search,321000,342179,0.2742750644683838,0.0
83,binary_search,321000,53,0.20159173011779785,0.0
84,sequantial_search,321000,321000,0.2610812187194824,0.0
84,advanced_sequantial_search,321000,195834,0.25850701332092285,0.0
84,binary_search,321000,52,0.20221614837646484,0.0
85,sequantial_search,341000,341000,0.2608621120452881,0.0
85,advanced_sequantial_search,341000,221880,0.2652924060821533,0.0
85,binary_search,341000,55,0.20221328735351562,0.0
86,sequantial_search,341000,100858,0.22058534622192383,0.0
86,advanced_sequantial_search,341000,201715,0.23987317085266113,0.0
86,binary_search,341000,55,0.20207500457763672,0.0
87,sequantial_search,341000,241656,0.24752116203308105,0.00390625
87,advanced_sequantial_search,341000,483311,0.3054988384246826,0.0
87,binary_search,341000,53,0.20197629928588867,0.0
88,sequantial_search,341000,341000,0.286043643951416,0.0
88,advanced_sequantial_search,341000,580200,0.35814905166625977,0.0
88,binary_search,341000,55,0.20098876953125,0.0
89,sequantial_search,341000,341000,0.2823066711425781,0.0
89,advanced_sequantial_search,341000,96410,0.2361280918121338,0.0
89,binary_search,341000,55,0.20217442512512207,0.0
90,sequantial_search,361000,361000,0.28559160232543945,0.0
90,advanced_sequantial_search,361000,227582,0.25643038749694824,0.0
90,binary_search,361000,55,0.2024245262145996,0.0
91,sequantial_search,361000,361000,0.2867014408111572,0.0
91,advanced_sequantial_search,361000,503586,0.3270754814147949,0.0
91,binary_search,361000,55,0.20187830924987793,0.0
92,sequantial_search,361000,22749,0.21227383613586426,0.0
92,advanced_sequantial_search,361000,45497,0.22564363479614258,0.0
92,binary_search,361000,44,0.20144057273864746,0.0
93,sequantial_search,361000,361000,0.29940342903137207,0.0
93,advanced_sequantial_search,361000,522428,0.33997321128845215,0.0
93,binary_search,361000,55,0.20106101036071777,0.0
94,sequantial_search,361000,361000,0.28585314750671387,0.0
94,advanced_sequantial_search,361000,26892,0.21138978004455566,0.0
94,binary_search,361000,55,0.20219016075134277,0.0
95,sequantial_search,381000,313905,0.28070807456970215,0.0
95,advanced_sequantial_search,381000,627809,0.3528921604156494,0.0
95,binary_search,381000,55,0.2021639347076416,0.0
96,sequantial_search,381000,314703,0.2798495292663574,0.0
96,advanced_sequantial_search,381000,629405,0.361011266708374,0.0
96,binary_search,381000,53,0.2023320198059082,0.0
97,sequantial_search,381000,381000,0.3131551742553711,0.0
97,advanced_sequantial_search,381000,55176,0.21660828590393066,0.0
97,binary_search,381000,55,0.20151305198669434,0.0
98,sequantial_search,381000,381000,0.2864363193511963,0.0
98,advanced_sequantial_search,381000,753652,0.38682985305786133,0.0
98,binary_search,381000,55,0.20088529586791992,0.0
99,sequantial_search,381000,381000,0.30576205253601074,0.0
99,advanced_sequantial_search,381000,441744,0.31137919425964355,0.0
99,binary_search,381000,55,0.20179319381713867,0.0
100,sequantial_search,401000,212999,0.2564055919647217,0.0
100,advanced_sequantial_search,401000,425997,0.2998850345611572,0.0
100,binary_search,401000,55,0.20172524452209473,0.0
101,sequantial_search,401000,235012,0.26364970207214355,0.0
101,advanced_sequantial_search,401000,470023,0.3156623840332031,0.0
101,binary_search,401000,53,0.2017505168914795,0.0
102,sequantial_search,401000,401000,0.2988426685333252,0.0
102,advanced_sequantial_search,401000,431594,0.28725409507751465,0.0
102,binary_search,401000,55,0.20172476768493652,0.0
103,sequantial_search,401000,339013,0.2930901050567627,0.00390625
103,advanced_sequantial_search,401000,678025,0.3698742389678955,0.0
103,binary_search,401000,53,0.2012345790863037,0.0
104,sequantial_search,401000,401000,0.3196892738342285,0.0
104,advanced_sequantial_search,401000,355090,0.34956955909729004,0.0
104,binary_search,401000,55,0.20206308364868164,0.0
105,sequantial_search,421000,421000,0.2911674976348877,0.0
105,advanced_sequantial_search,421000,323726,0.27967333793640137,0.0
105,binary_search,421000,55,0.20166969299316406,0.0
106,sequantial_search,421000,421000,0.2829408645629883,0.0
106,advanced_sequantial_search,421000,117486,0.2401564121246338,0.0
106,binary_search,421000,55,0.20183730125427246,0.0
107,sequantial_search,421000,199158,0.243577241897583,0.0
107,advanced_sequantial_search,421000,398315,0.2772796154022217,0.0
107,binary_search,421000,55,0.20194649696350098,0.0
108,sequantial_search,421000,421000,0.271669864654541,0.0
108,advanced_sequantial_search,421000,753408,0.37352657318115234,0.0
108,binary_search,421000,55,0.20190834999084473,0.0
109,sequantial_search,421000,335943,0.26778316497802734,0.0
109,advanced_sequantial_search,421000,671885,0.3888697624206543,0.0
109,binary_search,421000,55,0.20101189613342285,0.0
110,sequantial_search,441000,368625,0.28736162185668945,0.0
110,advanced_sequantial_search,441000,737249,0.3684959411621094,0.0
110,binary_search,441000,55,0.20152568817138672,0.0
111,sequantial_search,441000,441000,0.3319740295410156,0.0
111,advanced_sequantial_search,441000,164134,0.24147796630859375,0.0
111,binary_search,441000,55,0.2010664939880371,0.0
112,sequantial_search,441000,441000,0.3063068389892578,0.0
112,advanced_sequantial_search,441000,788144,0.38417625427246094,0.0
112,binary_search,441000,55,0.2022082805633545,0.0
113,sequantial_search,441000,415362,0.3000466823577881,0.0
113,advanced_sequantial_search,441000,830723,0.44479966163635254,0.0
113,binary_search,441000,53,0.20095324516296387,0.0
114,sequantial_search,441000,441000,0.30619311332702637,0.0
114,advanced_sequantial_search,441000,437560,0.3160398006439209,0.0
114,binary_search,441000,55,0.20093345642089844,0.0
115,sequantial_search,461000,461000,0.3199436664581299,0.0
115,advanced_sequantial_search,461000,450358,0.31363797187805176,0.0
115,binary_search,461000,55,0.20139002799987793,0.0
116,sequantial_search,461000,36749,0.20904254913330078,0.0
116,advanced_sequantial_search,461000,73497,0.22903847694396973,0.0
116,binary_search,461000,50,0.20100927352905273,0.0
117,sequantial_search,461000,275987,0.27558255195617676,0.0
117,advanced_sequantial_search,461000,551973,0.33449244499206543,0.0
117,binary_search,461000,53,0.2014758586883545,0.0
118,sequantial_search,461000,461000,0.3021278381347656,0.0
118,advanced_sequantial_search,461000,231952,0.26819729804992676,0.0
118,binary_search,461000,55,0.20154833793640137,0.0
119,sequantial_search,461000,461000,0.2997457981109619,0.00390625
119,advanced_sequantial_search,461000,480150,0.30533647537231445,0.0
119,binary_search,461000,55,0.20226430892944336,0.0
120,sequantial_search,481000,82911,0.23515796661376953,0.0
120,advanced_sequantial_search,481000,165821,0.24468469619750977,0.0
120,binary_search,481000,55,0.20184707641601562,0.0
121,sequantial_search,481000,437173,0.3044743537902832,0.0
121,advanced_sequantial_search,481000,874345,0.40099525451660156,0.0
121,binary_search,481000,47,0.20166683197021484,0.0
122,sequantial_search,481000,481000,0.31241512298583984,0.0
122,advanced_sequantial_search,481000,509924,0.3126966953277588,0.0
122,binary_search,481000,55,0.2014915943145752,0.0
123,sequantial_search,481000,481000,0.2901182174682617,0.0
123,advanced_sequantial_search,481000,395678,0.29343342781066895,0.0
123,binary_search,481000,55,0.20264101028442383,0.0
124,sequantial_search,481000,110338,0.23017334938049316,0.0
124,advanced_sequantial_search,481000,220675,0.24361538887023926,0.0
124,binary_search,481000,53,0.20189929008483887,0.0
125,sequantial_search,501000,501000,0.3034675121307373,0.0
125,advanced_sequantial_search,501000,903528,0.37625765800476074,0.0
125,binary_search,501000,55,0.20149922370910645,0.0
126,sequantial_search,501000,501000,0.3128807544708252,0.0
126,advanced_sequantial_search,501000,877100,0.3765285015106201,0.0
126,binary_search,501000,55,0.20089101791381836,0.0
127,sequantial_search,501000,501000,0.31547045707702637,0.0
127,advanced_sequantial_search,501000,223644,0.25835347175598145,0.0
127,binary_search,501000,55,0.20069360733032227,0.0
128,sequantial_search,501000,501000,0.33069443702697754,0.0
128,advanced_sequantial_search,501000,455374,0.3323066234588623,0.0
128,binary_search,501000,55,0.20055913925170898,0.0
129,sequantial_search,501000,250500,0.26347827911376953,0.0
129,advanced_sequantial_search,501000,500999,0.32285189628601074,0.0
129,binary_search,501000,2,0.2012028694152832,0.0
130,sequantial_search,521000,521000,0.3641059398651123,0.0
130,advanced_sequantial_search,521000,146516,0.25508904457092285,0.0
130,binary_search,521000,55,0.20171666145324707,0.0
131,sequantial_search,521000,422139,0.31835269927978516,0.0
131,advanced_sequantial_search,521000,844277,0.38443946838378906,0.0
131,binary_search,521000,55,0.20183825492858887,0.0
132,sequantial_search,521000,521000,0.32636022567749023,0.0
132,advanced_sequantial_search,521000,380336,0.3025681972503662,0.0
132,binary_search,521000,55,0.20177197456359863,0.0
133,sequantial_search,521000,521000,0.36338162422180176,0.0
133,advanced_sequantial_search,521000,964832,0.4173102378845215,0.0
133,binary_search,521000,55,0.20159125328063965,0.0
134,sequantial_search,521000,521000,0.3419644832611084,0.0
134,advanced_sequantial_search,521000,560126,0.33994626998901367,0.0
134,binary_search,521000,55,0.20238113403320312,0.0
135,sequantial_search,541000,541000,0.3796217441558838,0.00390625
135,advanced_sequantial_search,541000,826446,0.393343448638916,0.0
135,binary_search,541000,55,0.20112228393554688,0.0
136,sequantial_search,541000,337984,0.28154420852661133,0.0
136,advanced_sequantial_search,541000,675967,0.37371110916137695,0.0
136,binary_search,541000,55,0.20198297500610352,0.0
137,sequantial_search,541000,78414,0.23189878463745117,0.0
137,advanced_sequantial_search,541000,156827,0.24739623069763184,0.0
137,binary_search,541000,55,0.201401948928833,0.0
138,sequantial_search,541000,541000,0.35936498641967773,0.0
138,advanced_sequantial_search,541000,433126,0.35399436950683594,0.0
138,binary_search,541000,55,0.20119595527648926,0.0
139,sequantial_search,541000,541000,0.33174562454223633,0.0
139,advanced_sequantial_search,541000,35726,0.2144029140472412,0.0
139,binary_search,541000,58,0.2020249366760254,0.0
140,sequantial_search,561000,561000,0.34508705139160156,0.0
140,advanced_sequantial_search,561000,313806,0.2961769104003906,0.0
140,binary_search,561000,55,0.20145511627197266,0.0
141,sequantial_search,561000,561000,0.35509252548217773,0.0
141,advanced_sequantial_search,561000,394660,0.3310391902923584,0.0
141,binary_search,561000,55,0.2014768123626709,0.0
142,sequantial_search,561000,561000,0.3592395782470703,0.0
142,advanced_sequantial_search,561000,734562,0.35867738723754883,0.0
142,binary_search,561000,58,0.20151638984680176,0.0
143,sequantial_search,561000,561000,0.3205709457397461,0.0
143,advanced_sequantial_search,561000,112956,0.24293112754821777,0.0
143,binary_search,561000,58,0.20251917839050293,0.0
144,sequantial_search,561000,403103,0.2800562381744385,0.0
144,advanced_sequantial_search,561000,806205,0.3713805675506592,0.0
144,binary_search,561000,55,0.20200276374816895,0.0
145,sequantial_search,581000,581000,0.3186917304992676,0.0
145,advanced_sequantial_search,581000,147528,0.2506527900695801,0.0
145,binary_search,581000,55,0.20181012153625488,0.0
146,sequantial_search,581000,581000,0.3184990882873535,0.0
146,advanced_sequantial_search,581000,1149706,0.46814727783203125,0.0
146,binary_search,581000,58,0.20142078399658203,0.0
147,sequantial_search,581000,581000,0.3216230869293213,0.0
147,advanced_sequantial_search,581000,1034644,0.42179417610168457,0.0
147,binary_search,581000,55,0.20107483863830566,0.0
148,sequantial_search,581000,581000,0.3288869857788086,0.0
148,advanced_sequantial_search,581000,912506,0.3930962085723877,0.0
148,binary_search,581000,55,0.20201683044433594,0.0
149,sequantial_search,581000,581000,0.32420969009399414,0.0
149,advanced_sequantial_search,581000,459510,0.3019700050354004,0.0
149,binary_search,581000,55,0.20206546783447266,0.0
150,sequantial_search,601000,601000,0.31351423263549805,0.0
150,advanced_sequantial_search,601000,870714,0.4008176326751709,0.0
150,binary_search,601000,55,0.20244574546813965,0.0
151,sequantial_search,601000,601000,0.31342434883117676,0.00390625
151,advanced_sequantial_search,601000,381160,0.2749357223510742,0.0
151,binary_search,601000,58,0.20147991180419922,0.0
152,sequantial_search,601000,601000,0.3227992057800293,0.0
152,advanced_sequantial_search,601000,648476,0.3447422981262207,0.0
152,binary_search,601000,55,0.20214438438415527,0.0
153,sequantial_search,601000,601000,0.32138919830322266,0.0
153,advanced_sequantial_search,601000,386764,0.28553342819213867,0.0
153,binary_search,601000,55,0.20230674743652344,0.0
154,sequantial_search,601000,601000,0.32904672622680664,0.0
154,advanced_sequantial_search,601000,43394,0.21001982688903809,0.0
154,binary_search,601000,55,0.20171165466308594,0.0
155,sequantial_search,621000,621000,0.31582212448120117,0.0
155,advanced_sequantial_search,621000,545010,0.3067138195037842,0.0
155,binary_search,621000,55,0.20205378532409668,0.0
156,sequantial_search,621000,621000,0.3164958953857422,0.0
156,advanced_sequantial_search,621000,218868,0.24439692497253418,0.0
156,binary_search,621000,55,0.20126605033874512,0.0
157,sequantial_search,621000,621000,0.305391788482666,0.0
157,advanced_sequantial_search,621000,17098,0.20652318000793457,0.0
157,binary_search,621000,55,0.20219802856445312,0.0
158,sequantial_search,621000,613255,0.3279151916503906,0.0
158,advanced_sequantial_search,621000,1226509,0.43378114700317383,0.0
158,binary_search,621000,56,0.20151472091674805,0.0
159,sequantial_search,621000,621000,0.31766343116760254,0.0
159,advanced_sequantial_search,621000,672170,0.3592033386230469,0.0
159,binary_search,621000,55,0.202683687210083,0.0
160,sequantial_search,641000,641000,0.335371732711792,0.0
160,advanced_sequantial_search,641000,876304,0.37027907371520996,0.0
160,binary_search,641000,58,0.20186305046081543,0.0
161,sequantial_search,641000,641000,0.3341038227081299,0.0
161,advanced_sequantial_search,641000,894328,0.4222414493560791,0.0
161,binary_search,641000,58,0.2014751434326172,0.0
162,sequantial_search,641000,641000,0.3353848457336426,0.0
162,advanced_sequantial_search,641000,412208,0.30490946769714355,0.0
162,binary_search,641000,55,0.20184326171875,0.0
163,sequantial_search,641000,258786,0.2513313293457031,0.0
163,advanced_sequantial_search,641000,517571,0.31592774391174316,0.0
163,binary_search,641000,50,0.20180630683898926,0.0
164,sequantial_search,641000,51053,0.21342682838439941,0.0
164,advanced_sequantial_search,641000,102105,0.22277426719665527,0.0
164,binary_search,641000,56,0.2025456428527832,0.0
165,sequantial_search,661000,661000,0.3449981212615967,0.0
165,advanced_sequantial_search,661000,1138780,0.4344494342803955,0.0
165,binary_search,661000,58,0.2011735439300537,0.0
166,sequantial_search,661000,661000,0.404904842376709,0.0
166,advanced_sequantial_search,661000,317716,0.28017711639404297,0.0
166,binary_search,661000,58,0.2026228904724121,0.0
167,sequantial_search,661000,661000,0.311049222946167,0.00390625
167,advanced_sequantial_search,661000,939186,0.4482991695404053,0.0
167,binary_search,661000,58,0.20128560066223145,0.0
168,sequantial_search,661000,661000,0.3489506244659424,0.0
168,advanced_sequantial_search,661000,996676,0.44812965393066406,0.0
168,binary_search,661000,55,0.20105218887329102,0.0
169,sequantial_search,661000,366331,0.27942562103271484,0.0
169,advanced_sequantial_search,661000,732661,0.3755521774291992,0.0
169,binary_search,661000,55,0.2017204761505127,0.0
170,sequantial_search,681000,108844,0.23091769218444824,0.0
170,advanced_sequantial_search,681000,217687,0.25221848487854004,0.0
170,binary_search,681000,56,0.20159626007080078,0.0
171,sequantial_search,681000,681000,0.373232364654541,0.0
171,advanced_sequantial_search,681000,960644,0.4220254421234131,0.0
171,binary_search,681000,58,0.20183539390563965,0.0
172,sequantial_search,681000,681000,0.3298838138580322,0.0
172,advanced_sequantial_search,681000,345280,0.2855844497680664,0.0
172,binary_search,681000,55,0.20105361938476562,0.0
173,sequantial_search,681000,415185,0.27797770500183105,0.0
173,advanced_sequantial_search,681000,830369,0.36092591285705566,0.0
173,binary_search,681000,50,0.201768159866333,0.0
174,sequantial_search,681000,517884,0.29468703269958496,0.0
174,advanced_sequantial_search,681000,1035767,0.37790560722351074,0.0
174,binary_search,681000,53,0.20212388038635254,0.0
175,sequantial_search,701000,701000,0.3479909896850586,0.0
175,advanced_sequantial_search,701000,1143706,0.4216880798339844,0.0
175,binary_search,701000,58,0.20162391662597656,0.0
176,sequantial_search,701000,701000,0.32752346992492676,0.0
176,advanced_sequantial_search,701000,469622,0.28871774673461914,0.0
176,binary_search,701000,58,0.20195293426513672,0.0
177,sequantial_search,701000,701000,0.3300044536590576,0.0
177,advanced_sequantial_search,701000,591564,0.3039364814758301,0.0
177,binary_search,701000,55,0.20180153846740723,0.0
178,sequantial_search,701000,230695,0.2468857765197754,0.0
178,advanced_sequantial_search,701000,461389,0.30538296699523926,0.0
178,binary_search,701000,58,0.2017958164215088,0.0
179,sequantial_search,701000,259727,0.2567408084869385,0.0
179,advanced_sequantial_search,701000,519453,0.3391289710998535,0.0
179,binary_search,701000,44,0.20259642601013184,0.0
180,sequantial_search,721000,721000,0.3818638324737549,0.0
180,advanced_sequantial_search,721000,954804,0.4178895950317383,0.0
180,binary_search,721000,58,0.2012629508972168,0.0
181,sequantial_search,721000,721000,0.3582499027252197,0.0
181,advanced_sequantial_search,721000,1381434,0.5473859310150146,0.0
181,binary_search,721000,58,0.20161771774291992,0.0
182,sequantial_search,721000,721000,0.3749103546142578,0.0
182,advanced_sequantial_search,721000,762962,0.3691251277923584,0.0
182,binary_search,721000,55,0.20213055610656738,0.0
183,sequantial_search,721000,721000,0.3531022071838379,0.0
183,advanced_sequantial_search,721000,946160,0.40369701385498047,0.0
183,binary_search,721000,55,0.20163321495056152,0.0
184,sequantial_search,721000,692602,0.3395042419433594,0.0
184,advanced_sequantial_search,721000,1385203,0.4470396041870117,0.0
184,binary_search,721000,56,0.2024061679840088,0.0
185,sequantial_search,741000,99856,0.23858952522277832,0.0
185,advanced_sequantial_search,741000,199711,0.24155759811401367,0.0
185,binary_search,741000,56,0.20194602012634277,0.0
186,sequantial_search,741000,741000,0.3394052982330322,0.0
186,advanced_sequantial_search,741000,966778,0.39482879638671875,0.0
186,binary_search,741000,58,0.2021496295928955,0.0
187,sequantial_search,741000,741000,0.3473544120788574,0.0
187,advanced_sequantial_search,741000,1083176,0.4193902015686035,0.0
187,binary_search,741000,58,0.20165705680847168,0.0
188,sequantial_search,741000,741000,0.33588695526123047,0.0
188,advanced_sequantial_search,741000,472204,0.31302309036254883,0.0
188,binary_search,741000,58,0.20197653770446777,0.0
189,sequantial_search,741000,187411,0.25078916549682617,0.0
189,advanced_sequantial_search,741000,374821,0.29691219329833984,0.0
189,binary_search,741000,53,0.20218396186828613,0.0
190,sequantial_search,761000,761000,0.37815117835998535,0.0
190,advanced_sequantial_search,761000,957786,0.45537853240966797,0.0
190,binary_search,761000,58,0.20046687126159668,0.0
191,sequantial_search,761000,761000,0.3797121047973633,0.0
191,advanced_sequantial_search,761000,834798,0.43839311599731445,0.0
191,binary_search,761000,58,0.20183587074279785,0.0
192,sequantial_search,761000,761000,0.38056206703186035,0.0
192,advanced_sequantial_search,761000,1339732,0.5041320323944092,0.0
192,binary_search,761000,58,0.2008953094482422,0.0
193,sequantial_search,761000,761000,0.3763422966003418,0.0
193,advanced_sequantial_search,761000,1292650,0.5457150936126709,0.0
193,binary_search,761000,58,0.20106744766235352,0.0
194,sequantial_search,761000,761000,0.39527368545532227,0.0
194,advanced_sequantial_search,761000,1391424,0.5628294944763184,0.0
194,binary_search,761000,58,0.2018752098083496,0.0
195,sequantial_search,781000,781000,0.44779253005981445,0.0
195,advanced_sequantial_search,781000,238242,0.29621362686157227,0.0
195,binary_search,781000,58,0.2013988494873047,0.0
196,sequantial_search,781000,781000,0.3919792175292969,0.0
196,advanced_sequantial_search,781000,29618,0.20934271812438965,0.0
196,binary_search,781000,58,0.20265865325927734,0.0
197,sequantial_search,781000,781000,0.4988059997558594,0.0
197,advanced_sequantial_search,781000,1451692,0.5136499404907227,0.0
197,binary_search,781000,58,0.20193910598754883,0.0
198,sequantial_search,781000,324702,0.2870805263519287,0.0
198,advanced_sequantial_search,781000,649403,0.3472151756286621,0.0
198,binary_search,781000,56,0.20149970054626465,0.0
199,sequantial_search,781000,781000,0.41385579109191895,0.0
199,advanced_sequantial_search,781000,1299762,0.5744688510894775,0.0
199,binary_search,781000,58,0.2025613784790039,0.0
200,sequantial_search,801000,801000,0.4326364994049072,0.0
200,advanced_sequantial_search,801000,1485300,0.6308131217956543,0.0
200,binary_search,801000,58,0.20223355293273926,0.0
201,sequantial_search,801000,801000,0.4153759479522705,0.0
201,advanced_sequantial_search,801000,1189626,0.527397632598877,0.0
201,binary_search,801000,58,0.20128870010375977,0.0
202,sequantial_search,801000,801000,0.3592641353607178,0.0
202,advanced_sequantial_search,801000,654072,0.34327244758605957,0.0
202,binary_search,801000,58,0.20176267623901367,0.0
203,sequantial_search,801000,801000,0.4316437244415283,0.0
203,advanced_sequantial_search,801000,163302,0.24930930137634277,0.0
203,binary_search,801000,58,0.20128273963928223,0.0
204,sequantial_search,801000,759804,0.4315917491912842,0.0
204,advanced_sequantial_search,801000,1519607,0.5550389289855957,0.0
204,binary_search,801000,56,0.20143389701843262,0.0
205,sequantial_search,821000,73361,0.2272350788116455,0.0
205,advanced_sequantial_search,821000,146721,0.2479712963104248,0.0
205,binary_search,821000,56,0.20158624649047852,0.0
206,sequantial_search,821000,821000,0.38599205017089844,0.0
206,advanced_sequantial_search,821000,54932,0.22546696662902832,0.0
206,binary_search,821000,58,0.20244789123535156,0.0
207,sequantial_search,821000,821000,0.42292284965515137,0.0
207,advanced_sequantial_search,821000,1065514,0.4998154640197754,0.0
207,binary_search,821000,58,0.2012498378753662,0.0
208,sequantial_search,821000,821000,0.3988466262817383,0.0
208,advanced_sequantial_search,821000,1081608,0.4596731662750244,0.0
208,binary_search,821000,58,0.20132875442504883,0.0
209,sequantial_search,821000,821000,0.39311861991882324,0.0
209,advanced_sequantial_search,821000,1524116,0.6192469596862793,0.0
209,binary_search,821000,58,0.20239043235778809,0.0
210,sequantial_search,841000,412336,0.31560492515563965,0.0
210,advanced_sequantial_search,841000,824671,0.4339280128479004,0.0
210,binary_search,841000,58,0.20102190971374512,0.0
211,sequantial_search,841000,841000,0.43932437896728516,0.0
211,advanced_sequantial_search,841000,632772,0.3848905563354492,0.0
211,binary_search,841000,58,0.2010509967803955,0.0
212,sequantial_search,841000,841000,0.40973567962646484,0.0
212,advanced_sequantial_search,841000,360592,0.29943251609802246,0.0
212,binary_search,841000,58,0.20169353485107422,0.0
213,sequantial_search,841000,841000,0.37157559394836426,0.0
213,advanced_sequantial_search,841000,1276922,0.46544575691223145,0.0
213,binary_search,841000,58,0.20123529434204102,0.0
214,sequantial_search,841000,841000,0.37943291664123535,0.0
214,advanced_sequantial_search,841000,257622,0.2686283588409424,0.0
214,binary_search,841000,58,0.20194220542907715,0.0
215,sequantial_search,861000,233195,0.2608938217163086,0.0
215,advanced_sequantial_search,861000,466389,0.3678746223449707,0.0
215,binary_search,861000,56,0.20135235786437988,0.0
216,sequantial_search,861000,494281,0.42134618759155273,0.0
216,advanced_sequantial_search,861000,988561,0.5216085910797119,0.0
216,binary_search,861000,47,0.20130515098571777,0.0
217,sequantial_search,861000,861000,0.5062248706817627,0.0
217,advanced_sequantial_search,861000,569896,0.38046956062316895,0.0
217,binary_search,861000,58,0.20145225524902344,0.0
218,sequantial_search,861000,861000,0.41929030418395996,0.0
218,advanced_sequantial_search,861000,711250,0.33836984634399414,0.0
218,binary_search,861000,58,0.20110511779785156,0.0
219,sequantial_search,861000,861000,0.5022420883178711,0.0
219,advanced_sequantial_search,861000,1394494,0.5715978145599365,0.0
219,binary_search,861000,58,0.2018299102783203,0.0
220,sequantial_search,881000,881000,0.37071776390075684,0.0
220,advanced_sequantial_search,881000,1724248,0.5443844795227051,0.0
220,binary_search,881000,58,0.2024240493774414,0.0
221,sequantial_search,881000,881000,0.371030330657959,0.0
221,advanced_sequantial_search,881000,891128,0.3859374523162842,0.0
221,binary_search,881000,58,0.2015855312347412,0.0
222,sequantial_search,881000,881000,0.37047767639160156,0.0
222,advanced_sequantial_search,881000,281636,0.2701990604400635,0.0
222,binary_search,881000,58,0.20123910903930664,0.0
223,sequantial_search,881000,881000,0.3765697479248047,0.0
223,advanced_sequantial_search,881000,1501870,0.5035159587860107,0.0
223,binary_search,881000,58,0.2026214599609375,0.0
224,sequantial_search,881000,619432,0.32270240783691406,0.0
224,advanced_sequantial_search,881000,1238863,0.4557149410247803,0.0
224,binary_search,881000,56,0.20195293426513672,0.0
225,sequantial_search,901000,901000,0.36109089851379395,0.0
225,advanced_sequantial_search,901000,1574238,0.5115742683410645,0.0
225,binary_search,901000,58,0.20272612571716309,0.0
226,sequantial_search,901000,901000,0.37876343727111816,0.0
226,advanced_sequantial_search,901000,61026,0.2162022590637207,0.0
226,binary_search,901000,58,0.20174431800842285,0.0
227,sequantial_search,901000,674548,0.32872939109802246,0.0
227,advanced_sequantial_search,901000,1349095,0.46726250648498535,0.0
227,binary_search,901000,58,0.20156311988830566,0.0
228,sequantial_search,901000,901000,0.373246431350708,0.0
228,advanced_sequantial_search,901000,642366,0.3477189540863037,0.0
228,binary_search,901000,58,0.20248103141784668,0.0
229,sequantial_search,901000,901000,0.37727832794189453,0.0
229,advanced_sequantial_search,901000,344358,0.2657895088195801,0.0
229,binary_search,901000,58,0.20247912406921387,0.0
230,sequantial_search,921000,921000,0.35867953300476074,0.0
230,advanced_sequantial_search,921000,1301360,0.46703362464904785,0.0
230,binary_search,921000,58,0.20197081565856934,0.0
231,sequantial_search,921000,921000,0.377471923828125,0.0
231,advanced_sequantial_search,921000,1486368,0.47237491607666016,0.0
231,binary_search,921000,58,0.20233154296875,0.0
232,sequantial_search,921000,921000,0.35538530349731445,0.0
232,advanced_sequantial_search,921000,323942,0.2704594135284424,0.0
232,binary_search,921000,58,0.2018134593963623,0.0
233,sequantial_search,921000,652640,0.3157215118408203,0.0
233,advanced_sequantial_search,921000,1305279,0.4501791000366211,0.0
233,binary_search,921000,56,0.20163607597351074,0.0
234,sequantial_search,921000,921000,0.3982076644897461,0.0
234,advanced_sequantial_search,921000,379606,0.2919583320617676,0.0
234,binary_search,921000,58,0.20163536071777344,0.0
235,sequantial_search,941000,722468,0.34808778762817383,0.0
235,advanced_sequantial_search,941000,1444935,0.4822993278503418,0.0
235,binary_search,941000,50,0.2021503448486328,0.0
236,sequantial_search,941000,941000,0.38851165771484375,0.0
236,advanced_sequantial_search,941000,381434,0.28183817863464355,0.0
236,binary_search,941000,58,0.2016153335571289,0.0
237,sequantial_search,941000,941000,0.37197136878967285,0.0
237,advanced_sequantial_search,941000,578746,0.3223299980163574,0.0
237,binary_search,941000,58,0.20175409317016602,0.0
238,sequantial_search,941000,941000,0.3753323554992676,0.0
238,advanced_sequantial_search,941000,146456,0.2517101764678955,0.0
238,binary_search,941000,58,0.2014777660369873,0.0
239,sequantial_search,941000,941000,0.3673865795135498,0.0
239,advanced_sequantial_search,941000,304922,0.28047895431518555,0.0
239,binary_search,941000,58,0.20241189002990723,0.0
240,sequantial_search,961000,961000,0.3661534786224365,0.0
240,advanced_sequantial_search,961000,1722644,0.5365400314331055,0.0
240,binary_search,961000,58,0.20197248458862305,0.0
241,sequantial_search,961000,961000,0.3720097541809082,0.0
241,advanced_sequantial_search,961000,536306,0.30304980278015137,0.0
241,binary_search,961000,58,0.20149779319763184,0.0
242,sequantial_search,961000,961000,0.36919069290161133,0.0
242,advanced_sequantial_search,961000,1369270,0.46893882751464844,0.0
242,binary_search,961000,58,0.2015247344970703,0.0
243,sequantial_search,961000,961000,0.39582347869873047,0.0
243,advanced_sequantial_search,961000,873402,0.3595085144042969,0.0
243,binary_search,961000,58,0.2019822597503662,0.0
244,sequantial_search,961000,961000,0.3806753158569336,0.0
244,advanced_sequantial_search,961000,451390,0.30190563201904297,0.0
244,binary_search,961000,58,0.2020876407623291,0.0
245,sequantial_search,981000,981000,0.3715388774871826,0.0
245,advanced_sequantial_search,981000,1933608,0.5870895385742188,0.0
245,binary_search,981000,58,0.20102739334106445,0.0
246,sequantial_search,981000,981000,0.3934323787689209,0.0
246,advanced_sequantial_search,981000,511260,0.3015482425689697,0.0
246,binary_search,981000,58,0.2016291618347168,0.0
247,sequantial_search,981000,981000,0.3772096633911133,0.0
247,advanced_sequantial_search,981000,789578,0.34984517097473145,0.0
247,binary_search,981000,58,0.20270657539367676,0.0
248,sequantial_search,981000,981000,0.3842203617095947,0.0
248,advanced_sequantial_search,981000,744022,0.3623955249786377,0.0
248,binary_search,981000,58,0.201676607131958,0.0
249,sequantial_search,981000,708105,0.34807252883911133,0.0
249,advanced_sequantial_search,981000,1416209,0.46526503562927246,0.0
249,binary_search,981000,58,0.201615571975708,0.0
